First Name;Last Name;Company Name;Role In Company;Address;E-Mail;Phone Number;
"Erin";"Ross";"American Express";"Mental Health Counselor";"4906 broadway";"eross@americanexpress.koeln";"92492612847";
"Isla";"Kennedy";"Ultimate Software";"Painter";"5853 south street";"ikennedy@ultimatesoftware.credit";"89568371390";
"Lottie";"Mason";"Autodesk";"Fabricator";"2115 albert road";"lmason@autodesk.tienda";"33763440726";
"Chloe";"Begum";"FedEx";"Computer Programmer";"6878 queens road";"cbegum@fedex.lgbt";"62902977359";
"Finley";"Anderson";"David Weekley Homes";"Carpenter";"1997 grange road";"fanderson@davidweekleyhomes.college";"78560712453";
"Megan";"Lee";"Intuit";"Civil Engineer";"4861 york road";"mlee@intuit.vision";"87552335881";
"Amelia";"Stewart";"OhioHealth";"Medical Assistant";"1434 the avenue";"astewart@ohiohealth.video";"49442185857";
"Ella";"Bates";"CarMax";"Restaurant Cook";"4201 park avenue";"ebates@carmax.build";"25949978404";
"Jake";"Gill";"Aperture Inc.";"Scientist";"6869 london road";"jgill@apertureinc.catering";"14327717046";
"Mohammad";"Andrews";"Marriott International";"Veterinarian";"4831 park avenue";"mandrews@marriottinternational.rocks";"57061050981";
"Ellis";"Gardner";"Workday";"Market Research Analyst";"6869 london road";"egardner@workday.store";"92561925109";
"Caleb";"Reid";"Salesforce";"Delivery Truck Driver";"8430 alexander road";"creid@salesforce.delivery";"83895353311";
"Austin";"Williams";"Marriott International";"Child & Family Social Worker";"1439 school lane";"awilliams@marriottinternational.plus";"74682147232";
"Sarah";"Robertson";"W. L. Gore & Associates";"Computer Systems Analyst";"3543 park avenue";"srobertson@wlgore&associates.partners";"46406842274";
"Eva";"Matthews";"EY";"Financial Manager";"3875 west street";"ematthews@ey.koeln";"28561990908";
"Kian";"Hawkins";"Protiviti";"Cement Mason & Concrete Finisher";"3861 park road";"khawkins@protiviti.shoes";"29815923119";
"Sienna";"Ryan";"Accenture";"Logistician";"7226 queen street";"sryan@accenture.holiday";"20630739545";
"Jack";"Clark";"Methodist Le Bonheur Healthcare";"Customer Service Representative";"9644 church lane";"jclark@methodistlebonheurhealthcare.cricket";"85028920136";
"Sarah";"Lee";"TechDev";"Glazier";"7352 new street";"slee@techdev.moda";"34172913879";
"David";"Rose";"World Wide Technology";"High School Teacher";"4349 the crescent";"drose@worldwidetechnology.gratis";"25252950359";
